Station_Name_EN,Station_Name_TH,Line,Latitude,Longitude
Mo Chit,หมอชิต,BTS Sukhumvit,13.8029,100.5533
Saphan Khwai,สะพานควาย,BTS Sukhumvit,13.7946,100.5497
Ari,อารีย์,BTS Sukhumvit,13.7876,100.5476
Sanam Pao,สนามเป้า,BTS Sukhumvit,13.7811,100.5466
Victory Monument,อนุสาวรีย์ชัยสมรภูมิ,BTS Sukhumvit,13.7636,100.5373
Phaya Thai,พญาไท,BTS Sukhumvit,13.7567,100.5345
Ratchathewi,ราชเทวี,BTS Sukhumvit,13.7529,100.5314
Siam,สยาม,BTS Sukhumvit,13.7455,100.5332
Chit Lom,ชิดลม,BTS Sukhumvit,13.7435,100.5403
Phloen Chit,เพลินจิต,BTS Sukhumvit,13.7416,100.5465
Nana,นานา,BTS Sukhumvit,13.7398,100.5527
Asok,อโศก,BTS Sukhumvit,13.7367,100.5605
Phrom Phong,พร้อมพงษ์,BTS Sukhumvit,13.7306,100.5697
Thong Lo,ทองหล่อ,BTS Sukhumvit,13.7263,100.5785
Ekkamai,เอกมัย,BTS Sukhumvit,13.7224,100.5851
Phra Khanong,พระโขนง,BTS Sukhumvit,13.7152,100.5934
On Nut,อ่อนนุช,BTS Sukhumvit,13.7063,100.6009
Bang Chak,บางจาก,BTS Sukhumvit,13.6966,100.6059
Punnawithi,ปุณณวิถี,BTS Sukhumvit,13.6896,100.6093
Udom Suk,อุดมสุข,BTS Sukhumvit,13.6805,100.6145
Bang Na,บางนา,BTS Sukhumvit,13.6721,100.6200
Bearing,แบริ่ง,BTS Sukhumvit,13.6625,100.6271
Samrong,สำโรง,BTS Sukhumvit,13.6521,100.6332
Pu Chao,ปู่เจ้า,BTS Sukhumvit,13.6403,100.6396
Chang Erawan,ช้างเอราวัณ,BTS Sukhumvit,13.6318,100.6445
Royal Thai Naval Academy,โรงเรียนนายเรือ,BTS Sukhumvit,13.6230,100.6493
Pak Nam,ปากน้ำ,BTS Sukhumvit,13.6155,100.6537
Srinagarindra,ศรีนครินทร์,BTS Sukhumvit,13.6091,100.6568
Phraek Sa,แพรกษา,BTS Sukhumvit,13.5994,100.6622
Phraek Sa Mai,แพรกษาใหม่,BTS Sukhumvit,13.5884,100.6684
Sai Luat,สายลวด,BTS Sukhumvit,13.5780,100.6742
Kheha,เคหะ,BTS Sukhumvit,13.5683,100.6806
Wongwian Yai,วงเวียนใหญ่,BTS Silom,13.7229,100.4999
Pho Nimit,โพธิ์นิมิตร,BTS Silom,13.7213,100.4925
Talat Phlu,ตลาดพลู,BTS Silom,13.7195,100.4848
Wutthakat,วุฒากาศ,BTS Silom,13.7177,100.4763
Bang Wa,บางหว้า,BTS Silom,13.7218,100.4649
Krung Thon Buri,กรุงธนบุรี,BTS Silom,13.7268,100.5051
Saphan Taksin,สะพานตากสิน,BTS Silom,13.7186,100.5138
Surasak,สุรศักดิ์,BTS Silom,13.7212,100.5228
Chong Nonsi,ช่องนนทรี,BTS Silom,13.7222,100.5288
Saint Louis,เซนต์หลุยส์,BTS Silom,13.7231,100.5313
Sala Daeng,ศาลาแดง,BTS Silom,13.7262,100.5336
Ratchadamri,ราชดำริ,BTS Silom,13.7432,100.5393
Chitlom (Silom),ชิดลม (สีลม),BTS Silom,13.7435,100.5403
National Stadium,สนามกีฬาแห่งชาติ,BTS Silom,13.7468,100.5291
Lak Song,หลักสอง,BTS Silom,13.7181,100.4561
Hua Mak,หัวหมาก,BTS Silom,13.7272,100.6218
Phasi Charoen,ภาษีเจริญ,BTS Silom,13.7167,100.4690
Itsaraphap,อิสรภาพ,BTS Silom,13.7200,100.4800
Thailand Cultural Centre,ศูนย์วัฒนธรรมแห่งประเทศไทย,MRT Blue Line,13.7608,100.5684
Huai Khwang,ห้วยขวาง,MRT Blue Line,13.7682,100.5751
Sutthisan,สุทธิสาร,MRT Blue Line,13.7785,100.5682
Ratchadaphisek,รัชดาภิเษก,MRT Blue Line,13.7828,100.5607
Lat Phrao,ลาดพร้าว,MRT Blue Line,13.7895,100.5561
Phahon Yothin,พหลโยธิน,MRT Blue Line,13.7992,100.5543
Chatuchak Park,สวนจตุจักร,MRT Blue Line,13.8026,100.5541
Kamphaeng Phet,กำแพงเพชร,MRT Blue Line,13.8078,100.5524
Bang Sue,บางซื่อ,MRT Blue Line,13.8023,100.5236
Tao Poon,เตาปูน,MRT Blue Line,13.8058,100.5290
Bang Yi Khan,บางยี่ขัน,MRT Blue Line,13.7844,100.4850
Bang Khun Non,บางขุนนนท์,MRT Blue Line,13.7777,100.4832
Bang Phlat,บางพลัด,MRT Blue Line,13.7738,100.4882
Si Rat,ศิริราช,MRT Blue Line,13.7599,100.4866
Sanam Chai,สนามไชย,MRT Blue Line,13.7467,100.4960
Itsaraphap (MRT),อิสรภาพ,MRT Blue Line,13.7356,100.4930
Hua Lamphong,หัวลำโพง,MRT Blue Line,13.7381,100.5157
Sam Yan,สามย่าน,MRT Blue Line,13.7302,100.5239
Silom,สีลม,MRT Blue Line,13.7269,100.5303
Lumphini,ลุมพินี,MRT Blue Line,13.7238,100.5404
Khlong Toei,คลองเตย,MRT Blue Line,13.7222,100.5568
Queen Sirikit National Convention Centre,ศูนย์การประชุมแห่งชาติสิริกิติ์,MRT Blue Line,13.7231,100.5617
Sukhumvit,สุขุมวิท,MRT Blue Line,13.7373,100.5608
Phetchaburi,เพชรบุรี,MRT Blue Line,13.7487,100.5673
Bang Na (MRT),บางนา,MRT Blue Line,13.6723,100.6212
Bearing (MRT),แบริ่ง,MRT Blue Line,13.6631,100.6270
Samrong (MRT),สำโรง,MRT Blue Line,13.6519,100.6333
Srinagarindra (MRT),ศรีนครินทร์,MRT Blue Line,13.6374,100.6505
Phraek Sa (MRT),แพรกษา,MRT Blue Line,13.6005,100.6627
Tha Phra,ท่าพระ,MRT Blue Line,13.7252,100.4726
Phetkasem 48,เพชรเกษม 48,MRT Blue Line,13.7233,100.4647
Phetkasem 40,เพชรเกษม 40,MRT Blue Line,13.7249,100.4551
Phetkasem 28,เพชรเกษม 28,MRT Blue Line,13.7222,100.4419
Phasi Charoen (MRT),ภาษีเจริญ,MRT Blue Line,13.7192,100.4306
Bang Khae,บางแค,MRT Blue Line,13.7211,100.4147
Lak Song (MRT),หลักสอง,MRT Blue Line,13.7194,100.4012
Khlong Bang Phai,คลองบางไผ่,MRT Blue Line,13.7223,100.3864
Nakhon Pathom (MRT),นครปฐม,MRT Blue Line,13.8214,100.4234
Khlong Bang Phai (North),คลองบางไผ่เหนือ,MRT Blue Line,13.7198,100.3777
Tao Poon (MRT),เตาปูน,MRT Purple Line,13.8058,100.5290
Bang Son,บางซ่อน,MRT Purple Line,13.8143,100.5238
Wong Sawang,วงศ์สว่าง,MRT Purple Line,13.8275,100.5219
Bang Yai,บางใหญ่,MRT Purple Line,13.8476,100.5165
Khlong Bang Phai (Purple),คลองบางไผ่,MRT Purple Line,13.8611,100.5006
Sai Ma,สายหยุด,MRT Purple Line,13.8693,100.4953
Phak Nimit,พักนิจ,MRT Purple Line,13.8799,100.4882
Nonthaburi Civic Centre,ศูนย์ราชการนนทบุรี,MRT Purple Line,13.8622,100.4964
Muang Thong Thani,เมืองทองธานี,MRT Purple Line,13.9151,100.5512
Sam Yaek Bang Yai,สามแยกบางใหญ่,MRT Purple Line,13.8611,100.5006
Min Buri,มีนบุรี,MRT Purple Line,13.8143,100.5238
Khlong Bang Phai,คลองบางไผ่,MRT Purple Line,13.7223,100.3864
Bang Yai (Center),บางใหญ่ ศูนย์,MRT Purple Line,13.8476,100.5165
Min Buri Market,ตลาดมีนบุรี,MRT Purple Line,13.8155,100.5229
Rat Burana,ราษฎร์บูรณะ,MRT Purple Line,13.8060,100.5290
Pradit Manutham,ประดิษฐ์มนูธรรม,MRT Purple Line,13.7857,100.5761
Sam Chai,สามชัย,MRT Purple Line,13.7833,100.5747
Nonthaburi 1,นนทบุรี 1,MRT Purple Line,13.8684,100.5193
Nonthaburi 2,นนทบุรี 2,MRT Purple Line,13.8762,100.5134
Bang Krasor,บางกระสอ,MRT Purple Line,13.8847,100.5079
Sanam Bin Nam,สนามบินน้ำ,MRT Purple Line,13.8602,100.5069
Pak Kret Bypass,แยกปากเกร็ด,MRT Purple Line,13.9135,100.5497
Yak Nonthaburi,แยกนนทบุรี,MRT Purple Line,13.8585,100.5156
Khlong Bang Phai (West),คลองบางไผ่ฝั่งตะวันตก,MRT Purple Line,13.7220,100.3850
Phahon Yothin (Purple),พหลโยธิน,MRT Purple Line,13.7979,100.5535
Srinagarindra 38,ศรีนครินทร์ 38,MRT Yellow Line,13.7253,100.6492
Si Nut,ศรีนุช,MRT Yellow Line,13.7199,100.6475
Si La Salle,ศรีลาซาล,MRT Yellow Line,13.7152,100.6432
Si Bearing,ศรีแบริ่ง,MRT Yellow Line,13.7013,100.6347
Si Dan,ศรีด่าน,MRT Yellow Line,13.6975,100.6303
Si Thepha,ศรีเทพา,MRT Yellow Line,13.6918,100.6258
Hua Mak (Yellow),หัวหมาก,MRT Yellow Line,13.7272,100.6218
Lam Sali,ลำสาลี,MRT Yellow Line,13.7380,100.6306
On Nut (Yellow),อ่อนนุช,MRT Yellow Line,13.7060,100.6015
Phra Ram 9 (Yellow),พระราม 9,MRT Yellow Line,13.7509,100.5655
Lat Phrao-Wang Hin,ลาดพร้าว-วังหิน,MRT Yellow Line,13.8052,100.5985
Phatthanakan,พัฒนาการ,MRT Yellow Line,13.7386,100.6346
Srinagarindra-Mochit,ศรีนครินทร์ โมซิต,MRT Yellow Line,13.7350,100.6450
Suan Luang Rama 9,สวนหลวง ร.9,MRT Yellow Line,13.7167,100.6335
Si Phet,ศรีเพชร,MRT Yellow Line,13.7195,100.6365
Samrong (Yellow),สำโรง,MRT Yellow Line,13.6521,100.6332
Lat Phrao 83,ลาดพร้าว 83,MRT Yellow Line,13.7969,100.5911
Lat Phrao 71,ลาดพร้าว 71,MRT Yellow Line,13.7949,100.5856
Lat Phrao 48,ลาดพร้าว 48,MRT Yellow Line,13.7918,100.5798
Chokchai 4,โชคชัย 4,MRT Yellow Line,13.7877,100.5748
Phawana,ภาวนา,MRT Yellow Line,13.7781,100.5720
Lad Phrao Intersection,แยกลาดพร้าว,MRT Yellow Line,13.7884,100.5742
Chula-Samyan,จุฬา สามย่าน,MRT Yellow Line,13.7300,100.5245
Hualamphong (Yellow),หัวลำโพง,MRT Yellow Line,13.7381,100.5157
Kasetsart University,มหาวิทยาลัยเกษตรศาสตร์,MRT Yellow Line,13.8477,100.5690
Srinagarindra (Correct),ศรีนครินทร์,MRT Yellow Line,13.7253,100.6492
Chalerm Ratchamongkhon (Yellow),เฉลิมราชมงคล,MRT Yellow Line,13.7195,100.6462
Makkasan,มักกะสัน,Airport Rail Link,13.7536,100.5624
Ratchaprarop,ราชปรารภ,Airport Rail Link,13.7563,100.5498
Phaya Thai (ARL),พญาไท,Airport Rail Link,13.7567,100.5345
Ramkhamhaeng,รามคำแหง,Airport Rail Link,13.7558,100.6168
Hua Mak (ARL),หัวหมาก,Airport Rail Link,13.7272,100.6218
Ban Thap Chang,บ้านทับช้าง,Airport Rail Link,13.7183,100.6527
Lat Krabang,ลาดกระบัง,Airport Rail Link,13.7213,100.7015
Suvarnabhumi,สุวรรณภูมิ,Airport Rail Link,13.6907,100.7501
Khlong San,คลองสาน,BTS Gold Line,13.7283,100.5085
Charoennakhon,เจริญนคร,BTS Gold Line,13.7234,100.5103
Krung Thon Buri (Gold),กรุงธนบุรี,BTS Gold Line,13.7268,100.5051
Prasat,ประสาท,MRT Pink Line,13.9259,100.6090
Min Buri (Pink),มีนบุรี,MRT Pink Line,13.8143,100.5238
Nopparat,นพรัตน์,MRT Pink Line,13.9193,100.5987
Ramindra 40,รามอินทรา 40,MRT Pink Line,13.9087,100.5865
Ramindra 3,รามอินทรา 3,MRT Pink Line,13.8880,100.5745
Saphan Mai,สะพานใหม่,MRT Pink Line,13.8967,100.5804
Watcharaphon,วัชรพล,MRT Pink Line,13.9025,100.5835
Lat Pla Khao,ลาดปลาเค้า,MRT Pink Line,13.8804,100.5701
Wong Sawang (Pink),วงศ์สว่าง,MRT Pink Line,13.8275,100.5219
Khae Rai,แคราย,MRT Pink Line,13.8491,100.5231
Pak Kret 30,ปากเกร็ด 30,MRT Pink Line,13.9013,100.5285
Royal Irrigation Department,กรมชลประทาน,MRT Pink Line,13.9058,100.5336
Government Complex Chaengwattana A,ศูนย์ราชการ แจ้งวัฒนะ A,MRT Pink Line,13.8843,100.5544
Government Complex Chaengwattana B,ศูนย์ราชการ แจ้งวัฒนะ B,MRT Pink Line,13.8884,100.5578
Chaengwattana-Pakkret 28,แจ้งวัฒนะ-ปากเกร็ด 28,MRT Pink Line,13.8957,100.5643
Si Rat (Pink),ศิริราช,MRT Pink Line,13.8913,100.5710
Lak Si,หลักสี่,MRT Pink Line,13.8787,100.5661
Ram Inthra-At Narong,รามอินทรา-อาตนารอง,MRT Pink Line,13.8631,100.5609
Bang Bua,บางบัว,MRT Pink Line,13.8685,100.5632
Muang Thong Thani (Pink),เมืองทองธานี,MRT Pink Line,13.9151,100.5512
Future Park Rangsit,ฟิวเจอร์พาร์ค รังสิต,MRT Pink Line,13.9291,100.5924
Si Samrong,ศรีสำโรง,MRT Yellow Line,13.6446,100.6401
Thipphawan,ทิพวัล,MRT Yellow Line,13.6368,100.6452
Eastern Outer Ring Road,ถนนวงแหวนรอบนอกด้านตะวันออก,MRT Yellow Line,13.6296,100.6508
Bearing (Yellow),แบริ่ง,MRT Yellow Line,13.6625,100.6271
Samrong (Yellow Line),สำโรง สายสีเหลือง,MRT Yellow Line,13.6521,100.6345
